,age,skill,height,salary
0,27.0,0.6631191279232507,1.65,2255.3037664285107
1,47.0,0.7013367361392172,1.55,3792.3729463140035
2,31.0,0.2142065095408187,1.62,1722.5992407710512
3,30.0,0.14429347032173545,1.59,1540.4880637992856
4,50.0,0.21898765567502287,1.77,3270.323808813871
5,39.0,0.48101183925025714,1.88,2725.9678294920623
6,35.0,-0.06115330387840601,1.66,1520.3998951337524
7,27.0,0.5647948260765515,1.86,2079.041164970855
8,32.0,0.5408385962751331,1.65,2342.4268626267103
9,21.0,0.6559155390895883,1.6,1952.0763499519674
10,26.0,0.6550730365724486,1.6,2185.64409567283
11,21.0,0.15006802049802354,1.53,1084.7210792347585
12,31.0,0.7771686223598906,1.52,2669.434360778439
13,36.0,0.6906775338665057,1.85,2861.252302450394
14,37.0,0.7619721602152252,1.66,3063.7131840929255
15,49.0,0.5109282726015661,1.94,3647.189056589797
16,20.0,0.9603886161298215,1.66,2432.021159147739
17,22.0,0.5057866263779315,1.9,1728.1530405034127
18,23.0,0.19169011287917848,1.57,1248.1699934623057
19,23.0,1.2673203803395978,1.69,3083.4046485772496
20,44.0,0.5525529992170529,1.52,3262.587801435615
21,34.0,0.45391696647954405,1.59,2322.84800726756
22,36.0,0.6926358897143028,1.74,2872.841524241357
23,36.0,0.09975473035695148,1.83,1858.87984317452
24,31.0,0.5031133455969364,1.85,2207.3931823921266
25,29.0,0.15143399254042644,1.59,1493.6269515710603
26,50.0,0.17757186282878046,1.88,3189.119869575552
27,48.0,0.5811720953090891,1.54,3681.882522666169
28,35.0,0.34449588370593764,1.66,2210.0035140271366
29,65.0,0.7568703702937947,1.95,5887.444854624841
30,61.0,0.8280909531824681,1.55,5519.855115287531
31,46.0,0.4775354756480469,1.71,3327.770310601613
32,42.0,0.7122673895905534,1.88,3362.102265070566
33,48.0,0.37757210064167157,1.74,3345.233082817884
34,24.0,0.4217086419951929,1.68,1692.7447233875616
35,55.0,0.8967711960931593,1.5,4933.8268090193005
36,22.0,0.21710358942799246,1.89,1238.8936357383134
37,65.0,0.522721497964851,1.83,5506.923348107948
38,65.0,0.6248429440382172,1.85,5678.333499742303
39,27.0,0.4344664796913926,1.52,1854.8407182419928
40,32.0,0.42924957186834617,1.94,2131.335265343323
41,34.0,0.7693167241781033,1.55,2854.93892598011
42,64.0,0.4069943270343167,1.86,5177.780316599055
43,61.0,0.1992498644408055,1.65,4458.726018508353
44,41.0,0.4993920471188532,1.86,2919.856440742768
45,30.0,0.4134195397756302,1.81,1998.0023818709067
46,64.0,-0.16607515418169272,1.64,4212.23482678352
47,55.0,0.25979966045999614,1.64,3865.2220116743906
48,40.0,0.5133371634179766,1.65,2871.674426769545
49,53.0,0.3982512173117102,1.62,3883.475243981567
50,33.0,0.5850557907534608,1.84,2475.8311767618543
51,23.0,0.5152637230558633,1.96,1778.8020302019472
52,57.0,0.3971242638013546,1.66,4323.471760189345
53,58.0,0.936254332463089,1.77,5353.677159353583
54,51.0,0.34755307130301505,1.85,3582.9407160924598
55,65.0,0.692250038901199,1.68,5801.665098127773
56,44.0,0.6247513038632735,1.75,3397.0784655265493
57,29.0,0.3555467790907162,1.55,1836.5300193315522
58,34.0,0.0634829902502882,1.99,1631.6568104520973
59,39.0,0.6521759722086291,1.62,3027.147327306329
60,24.0,0.34063877026879014,1.65,1554.0871584159272
61,47.0,0.5793755277067884,1.79,3590.711483743769
62,59.0,0.7565958872388581,1.84,5159.44934078703
63,30.0,0.4873886873464221,1.8,2124.580701988585
64,55.0,0.5019550548639429,1.87,4266.929037656821
65,23.0,0.4249754547022346,1.78,1648.9064475454581
66,45.0,-0.2620525742046963,1.62,1976.958798403676
67,50.0,0.15215142156386602,1.89,3144.4749503692983
68,48.0,0.46219333940968155,1.56,3481.9650094774297
69,60.0,0.8401548642040164,1.81,5423.452433399164
70,52.0,0.451535466248011,1.66,3870.9708043486617
71,43.0,0.5885582671293845,1.58,3243.8303277689306
72,22.0,0.1992003732018774,1.97,1194.5181523459732
73,21.0,0.6540183982817505,1.72,1952.6713090747096
74,29.0,0.39104811702245795,1.98,1875.6196048422628
75,57.0,0.3413653447785797,1.62,4226.769260675246
76,32.0,0.4823848455396343,1.82,2238.3355110663556
77,50.0,0.9349830288746517,1.77,4487.51594325324
78,35.0,0.7029653255042408,1.52,2807.288756123835
79,45.0,1.065674612620112,1.66,4236.007353181232
80,33.0,0.7328845174190022,1.81,2730.0928438646397
81,62.0,0.3237923096350354,1.72,4794.286958375294
82,35.0,0.12477524855592631,1.61,1833.8910091873033
83,59.0,0.5762996399219124,1.71,4860.669389867185
84,24.0,-0.00645989547057535,1.52,952.265880466647
85,40.0,0.6350656859580985,1.52,3066.859368895393
86,42.0,0.7882031229568907,1.74,3503.3058207537565
87,23.0,0.6497628640659595,1.62,2031.0450434637905
88,63.0,0.6133355247409225,1.52,5398.918094826192
89,21.0,0.6345319003901155,1.92,1900.805274584481
90,65.0,0.423861038989837,1.93,5324.953708372965
91,50.0,0.33732285825377617,1.57,3466.7456605991215
92,26.0,0.6855720947256828,1.61,2238.2456476758894
93,40.0,0.8186028887996986,1.65,3390.6261599184713
94,20.0,0.49258354942506066,1.75,1636.3932829815872
95,30.0,0.500440239674079,1.58,2145.0296810949117
96,44.0,0.41045595011317126,1.57,3027.0719167600932
97,26.0,0.5234625663840488,1.56,1958.1226953338542
98,63.0,0.832850577707236,1.96,5758.69968310928
99,38.0,0.3654066450103779,1.64,2463.75388541004
100,52.0,0.7523411289271384,1.73,4382.620081127547
101,40.0,0.4830294560140634,1.8,2817.170008723575
102,25.0,0.5242445340848407,1.67,1915.8558698956404
103,42.0,0.39671547264275775,1.68,2838.256335488422
104,23.0,0.3913082876206736,1.94,1571.8350821222796
105,28.0,0.5539695063647875,1.5,2110.063936481068
106,39.0,0.46737741022218715,1.62,2712.9897719293776
107,27.0,0.6899529382411277,1.86,2291.809955650635
108,45.0,0.4102371318666256,1.6,3118.423057672931
109,49.0,0.5942541704027022,1.95,3786.997314809984
110,63.0,0.6504923557297863,1.53,5463.4424491287555
111,27.0,0.34703224380669584,1.8,1714.9747479710502
112,38.0,0.13156265105897536,1.65,2066.6577557592423
113,57.0,0.8352407273622187,1.92,5050.010280437056
114,64.0,0.7066167022309646,1.96,5671.102094799619
115,43.0,0.19395527458496986,1.5,2563.039742455378
116,20.0,0.4902625153163608,1.87,1622.0517204259318
117,60.0,0.7150536932742436,1.52,5202.838981332839
118,25.0,0.3437486811403212,1.65,1608.37400689753
119,24.0,1.0210892579538862,1.94,2689.4627316887404
120,52.0,0.5013989168149378,1.92,3937.4792025066786
121,36.0,0.7131876418168795,1.77,2906.4637852550272
122,36.0,-0.009657067369287509,1.79,1676.35607211444
123,62.0,1.2629813203584659,1.69,6391.028246609325
124,21.0,1.0501573453046653,1.96,2600.12118802491
125,34.0,0.7950013563931735,1.55,2898.6028007457294
126,56.0,0.8313951002896482,1.69,4949.331672492335
127,20.0,0.4906839454388765,1.63,1632.207501412422
128,29.0,0.18994858678308485,1.96,1537.766298538224
129,38.0,0.9708252780036742,1.97,3466.2804905090275
130,23.0,0.5849284050735786,1.76,1921.9408775174809
131,26.0,0.6497168604301231,1.91,2163.2619694759733
132,51.0,0.7554355674117803,1.55,4276.340959477361
133,33.0,0.4591950033567652,1.81,2264.8206699588363
134,39.0,0.10835991458939498,1.79,2101.9849414441996
135,63.0,0.2034627149204259,1.67,4714.526777316135
136,46.0,1.27531586204415,1.96,4657.890666482034
137,20.0,0.4572351841738392,1.78,1574.7479876471862
138,28.0,0.853635181149724,1.85,2626.2803028318654
139,42.0,1.007210968407231,1.53,3864.864090680411
140,60.0,0.3181008559827657,1.56,4533.007787651673
141,48.0,0.5890070403336587,1.79,3702.0850552094485
142,25.0,-0.01551897320545259,1.55,989.7182404280651
143,41.0,0.6542005213025436,1.7,3193.1408862143244
144,53.0,0.8358776547508524,1.69,4629.952015076383
145,57.0,0.7901439127577574,1.86,4982.134612328905
146,53.0,0.3302635321694973,1.76,3769.0105935805427
147,58.0,0.786474734833815,1.72,5100.847081213219
148,51.0,0.5222071648779871,1.89,3874.5697140033044
149,45.0,0.3319194125487173,1.95,2965.0282264582097
150,48.0,0.34633056929002937,1.82,3287.043241442027
151,51.0,0.7938492533536419,1.88,4337.791433467815
152,56.0,0.5774355188417322,1.63,4515.685176197277
153,55.0,0.6388106432608688,1.85,4502.078588420811
154,55.0,0.08695475475877712,1.75,3571.824332048905
155,61.0,0.33429029867224397,1.81,4684.482671995151
156,46.0,0.6594107997125143,1.81,3632.1875237636095
157,36.0,-0.23336746214418713,1.63,1297.3201085212138
158,62.0,0.7024305350279004,1.97,5410.009427450213
159,40.0,0.42339472809461876,1.6,2715.790971260519
160,57.0,0.6762221408845036,1.91,4781.320946248421
161,23.0,0.10951153783563594,1.64,1113.7322032129787
162,65.0,0.27281646129033665,1.65,5087.789233152555
163,22.0,0.6146849455575663,1.86,1918.85436808858
164,61.0,0.523590518147906,1.72,5010.943912847175
165,46.0,0.6355856328937864,1.92,3577.596619840722
166,49.0,0.23373829413688957,1.59,3193.544264285047
167,41.0,0.6518209903709457,1.85,3180.196178507942
168,52.0,0.8712055764810198,1.53,4573.6549244058515
169,30.0,0.4138226070089004,1.63,2001.5432260814628
170,32.0,0.8334985752994514,1.62,2838.395752560727
171,37.0,0.8675685401332965,1.78,3241.3146927782636
172,53.0,0.3874328611884189,1.52,3854.8835667869375
173,22.0,0.34328789889818645,1.87,1456.1948725150353
174,21.0,0.6763316436181335,1.78,1988.2119687024867
175,36.0,0.4099533258154753,1.99,2360.656380912915
176,50.0,0.5095967782503675,1.64,3764.877111918022
177,46.0,0.3437454792120558,1.67,3100.007476611906
178,27.0,1.036902641347968,1.61,2888.507576933774
179,43.0,0.6066993313242143,1.93,3259.7788053414065
180,28.0,0.30119098950140977,1.52,1683.2723849190215
181,57.0,0.2629814619850148,1.97,4067.946003277307
182,62.0,0.38864463379569875,1.61,4901.468964094916
183,41.0,1.0465205913313782,1.74,3859.445516990386
184,58.0,0.6317614317347469,1.57,4831.291235516772
185,52.0,0.8077002516200296,1.79,4473.863514396279
186,44.0,0.654079472622025,1.84,3440.1714359384137
187,29.0,0.6139704605763037,1.76,2283.3123718721135
188,43.0,0.6359952197507959,1.63,3328.2366677426853
189,54.0,0.31288788921024535,1.7,3847.909411657417
190,64.0,0.26240796063080146,1.64,4940.65612196476
191,35.0,0.1160806560610812,1.58,1816.6183889528154
192,35.0,0.6905474392166173,1.88,2786.1783494348747
193,47.0,0.8711986037349663,1.86,4079.9275869901603
194,46.0,0.7840026634446341,1.72,3848.644559851612
195,65.0,0.34505157296049394,1.76,5210.150262925236
196,64.0,0.12373400916427657,1.73,4705.987977530682
197,63.0,0.008967975054048505,1.66,4383.606069318925
198,59.0,0.4186451071428189,1.74,4592.057193869834
199,30.0,0.21768804881815268,1.86,1659.9596436315771
200,61.0,0.551775454833622,1.98,5028.856079121241
201,43.0,0.5274329244570425,1.95,3121.4011967023625
202,62.0,0.005107684242168398,1.9,4236.998838872616
203,33.0,0.4045439185064743,1.98,2146.5624673650905
204,45.0,0.5561313198046015,1.89,3356.2407773785485
205,48.0,0.7580723189595,1.51,3978.5404759418757
206,55.0,0.6730122028569057,1.85,4560.221239734074
207,25.0,0.7129429699134181,1.85,2228.1035437301452
208,22.0,0.9730754019279292,1.82,2532.509456926457
209,56.0,0.47901670633007903,1.83,4343.625202328837
210,29.0,0.012356516301913423,1.8,1258.02601121292
211,30.0,0.24268855969873232,1.7,1712.570551487845
212,60.0,0.490256165416927,1.8,4829.455414708443
213,45.0,0.6794775600912094,1.74,3579.4723638820988
214,65.0,-0.030494104995743343,1.76,4571.722610399634
215,40.0,1.0168997297383164,1.71,3728.689542555071
216,27.0,0.9168650547134254,1.85,2678.7710878901576
217,37.0,0.8601673051924453,1.51,3217.1019525378833
218,27.0,0.5241741641555981,1.79,2016.8691657067454
219,32.0,0.344835199056451,1.74,2009.5803501230093
220,31.0,0.6502893205587005,1.91,2449.2351516945546
221,22.0,0.8436758062892786,1.84,2310.4852031727446
222,49.0,0.6157141989998386,1.73,3847.354300251136
223,24.0,0.439019547094353,1.92,1703.4342739816846
224,42.0,0.9699852349475437,1.97,3784.8524173136057
225,57.0,0.27074074452534375,1.54,4099.149226333802
226,41.0,0.6303524350646477,1.56,3144.8354720908724
227,48.0,0.0686791006042074,1.78,2818.2026455788123
228,21.0,0.11970734789729859,1.8,1040.5224249250748
229,31.0,0.6328616328959271,1.63,2434.9095700894077
230,64.0,0.5300420554131736,1.9,5381.387269863325
231,60.0,0.07372164846926071,1.76,4123.889391290141
232,65.0,-0.04705591320151026,1.86,4534.894908198149
233,54.0,0.552596558790154,1.93,4234.804092033504
234,55.0,0.03279473721965154,1.79,3477.524139915636
235,53.0,0.9711931408306771,1.53,4848.633783800269
236,51.0,0.08589175742495964,1.97,3118.8935055252127
237,21.0,0.2656434661221455,1.92,1273.6949363289316
238,53.0,0.4950655886753453,1.98,4020.4493066521713
239,31.0,0.34849624164070736,1.91,1936.1869175339664
240,46.0,-0.1004076569733392,1.79,2342.080069787552
241,53.0,0.7188519512381886,1.9,4415.36409276585
242,40.0,0.6267819088317662,1.68,3065.3692770097364
243,55.0,0.5953453601613133,1.54,4426.9770729149495
244,25.0,0.5164162079128086,1.99,1870.643280478382
245,30.0,0.14964829244052247,1.71,1554.3620991488217
246,27.0,1.4328309809122874,1.94,3542.423660718023
247,61.0,1.0294853594043947,1.74,5870.485622714513
248,45.0,0.3150547365771561,1.81,2955.7822164335007
249,60.0,0.4113681959206794,1.55,4690.42642794249
250,32.0,0.6506452764340421,1.57,2523.3937715055736
251,64.0,0.43905499946195387,1.7,5242.393499085322
252,49.0,0.5203462183352779,1.96,3659.442272176952
253,38.0,0.8424689459447633,1.74,3275.5577198331403
254,44.0,0.7070041896862101,1.64,3536.469711358954
255,31.0,0.7735554118788439,1.85,2667.144695071369
256,31.0,0.6452546919231482,1.82,2452.214249918329
257,44.0,0.6503956676163299,1.83,3434.9694365154633
258,62.0,0.06630451607466303,1.93,4336.107619417168
259,61.0,0.4228345214709335,1.61,4836.591773142815
260,61.0,0.6354513969242768,1.58,5195.548648420248
261,57.0,1.141971364779869,1.54,5580.241280766494
262,50.0,0.16489678263347868,1.91,3163.0678372216776
263,54.0,0.034817559821224364,1.81,3370.3790159484165
264,52.0,0.6044159240915875,1.77,4129.551865122031
265,59.0,0.6676700074157501,1.56,5008.275345087746
266,28.0,0.785710139423749,1.61,2516.4803236626017
267,33.0,0.8958116010736945,1.52,2999.1274245919058
268,62.0,0.9102971112052898,1.59,5786.694253301328
269,64.0,0.49471957612914735,1.61,5333.796366061779
270,54.0,0.35095510607479136,1.76,3911.1862692195423
271,47.0,0.26624753690066894,1.57,3054.9176142988395
272,31.0,0.3378059598075689,1.55,1926.3706265502015
273,33.0,0.7583415609819482,1.66,2777.5411653963547
274,54.0,0.18162208872617697,1.54,3614.6475114752184
275,39.0,0.41643557002451614,1.93,2608.3304111319194
276,48.0,0.865870891224463,1.99,4143.716242108194
277,37.0,0.5229813804781392,1.55,2649.168841690171
278,31.0,0.040890185272862034,1.94,1408.1243081309997
279,56.0,0.3266661599583124,1.75,4090.3337208881157
280,64.0,0.10456545362427022,1.83,4667.058072728962
281,49.0,0.886828048201957,1.6,4304.627615442994
282,58.0,0.17999281002175832,1.58,4064.269050685966
283,39.0,0.03850050811843447,1.96,1960.3045648083182
284,38.0,0.6130227867629192,1.81,2881.3279017492982
285,51.0,0.1789399380324776,1.68,3305.037926650946
286,36.0,0.2652940378427177,1.62,2144.4480388842794
287,59.0,0.3400187510521019,1.67,4458.672038739985
288,52.0,0.11913615698346719,1.58,3300.8127405208716
289,53.0,0.08333265573786136,1.95,3326.4307398797546
290,43.0,0.43001240986160477,1.66,2979.3816084917707
291,45.0,0.6041224079853809,1.95,3427.773318700538
292,50.0,0.45973299401114776,1.72,3681.386121814685
293,49.0,0.900850466012628,1.53,4321.051236609586
294,24.0,0.5286622978078456,1.88,1861.9736090399629
295,39.0,0.6320269155424179,1.56,2987.682088903082
296,62.0,0.17810085156223282,1.56,4539.007780136766
297,48.0,0.15449635148843216,1.87,2955.249241918453
298,33.0,0.7991832550273659,1.76,2846.174122438919
299,35.0,0.6392903152387488,1.69,2711.7535379058063
300,42.0,0.7085445470440707,1.87,3357.1311743630386
301,61.0,0.8754137515546483,1.91,5591.946684387666
302,64.0,0.9459190324914488,1.94,6081.673348402597
303,59.0,0.32985600874134513,1.9,4426.070990521215
304,47.0,0.4321683544651887,1.95,3319.451427716211
305,27.0,0.685150340920234,1.68,2293.5956115601316
306,45.0,1.0153683429668918,1.92,4132.227226965
307,52.0,0.35270283934987257,1.8,3699.614760394451
308,62.0,0.4541774870489841,1.56,5008.338060464243
309,60.0,0.22257898150434652,1.77,4376.4290627237215
310,33.0,0.3742930885049506,2.0,2090.870724566907
311,65.0,1.1738829682148868,1.98,6590.438851869391
312,64.0,0.2931873872767552,1.54,4984.3085190112015
313,43.0,0.41592834979951276,1.72,2955.9182266549055
314,57.0,0.08204106616891377,1.7,3788.469812487154
315,39.0,0.5137175988577262,1.71,2794.2799200580675
316,54.0,-0.0021266272862695557,1.85,3303.485228490676
317,45.0,0.14532736389342532,1.81,2667.2456828711584
318,49.0,0.36148822689582083,1.98,3385.3677916269794
319,42.0,0.8884742258529833,1.92,3655.507227871356
320,50.0,0.5418404175968663,1.54,3811.0186705553906
321,60.0,0.7106398365711006,1.9,5192.4034978318
322,33.0,0.7990572445064066,1.82,2841.678589309868
323,25.0,0.3640504514615459,2.0,1609.4582415931193
324,24.0,0.653862275509572,1.59,2082.755032618608
325,30.0,0.45273429273511023,1.88,2056.8960004163123
326,27.0,0.23718218047195372,1.98,1502.0475127064058
327,29.0,0.7090971952113149,1.89,2432.2827655699616
328,65.0,0.3717486006291379,1.67,5256.612783020945
329,44.0,0.6690195511415143,1.67,3472.9733988919857
330,45.0,0.03555728069241004,1.62,2482.8955517287563
331,27.0,0.4585365564355953,1.87,1897.11759032863
332,34.0,-0.02898893378971512,1.79,1503.4918991997129
333,50.0,0.8309784111835905,1.93,4292.053241102345
334,50.0,0.04860658490189795,1.73,2982.271356284637
335,63.0,0.16352060678458935,1.79,4643.75811817603
336,52.0,0.6870298257152179,1.92,4253.051747637155
337,39.0,-0.030244044502387157,1.64,1868.147713238339
338,37.0,0.29846386990444085,1.97,2248.2660967403312
339,38.0,0.8730451776325672,1.86,3318.066762616081
340,25.0,0.5552065027366516,1.62,1966.2992292039671
341,54.0,0.4191826723606311,1.88,4015.8582457796974
342,62.0,0.680884911819488,1.51,5387.321883803856
343,45.0,0.478269998410529,1.95,3213.8242224232895
344,21.0,0.3659911858918095,1.56,1455.4213484970476
345,22.0,0.5268364722269084,1.81,1774.8111670380797
346,56.0,0.560975967585325,1.71,4489.619146894986
347,64.0,0.4588842697225863,1.52,5263.350961295021
348,40.0,0.8880383872677554,1.96,3483.5189593621635
349,41.0,0.47306894982798187,1.96,2859.070915714549
350,62.0,0.5029491077585834,1.88,5086.261185956216
351,53.0,0.762566728379714,1.84,4497.599770726484
352,23.0,0.5173556347049971,1.79,1805.2776656407236
353,48.0,0.05034442314703569,1.78,2787.03369390162
354,31.0,0.18670887750203669,1.98,1648.2428976575468
355,36.0,0.7056648565355081,1.91,2878.3735628551276
356,37.0,0.7557032634800182,1.98,3023.533353820115
357,25.0,0.4317084679342035,1.97,1730.7819133909277
358,47.0,0.8568789705505235,1.97,4037.5717678386713
359,56.0,0.729064341398733,1.68,4775.24941237358
360,56.0,0.4749715828776861,1.92,4324.552734813351
361,43.0,0.4012891100118723,1.72,2931.0315190159167
362,60.0,0.42885395760077405,1.93,4708.441670011558
363,64.0,0.19687133293025832,1.86,4820.571226622157
364,34.0,0.7577621707875986,2.0,2809.7681644474087
365,56.0,0.4675995996187898,1.69,4330.879321351877
366,36.0,0.3179966925859864,1.71,2236.55437939611
367,34.0,0.538794979962555,1.93,2451.341408026585
368,45.0,0.5362342569189079,1.8,3332.6181702618105
369,63.0,0.2074295931858095,1.69,4721.59031041581
370,34.0,0.4696081267949399,1.62,2351.781990103057
371,24.0,-0.04192126691619125,1.98,874.5716521465591
372,29.0,0.5457514315731257,1.53,2157.3828780624317
373,38.0,0.35940764474638287,1.89,2440.810529779577
374,51.0,0.887759859622681,1.56,4502.4280938395295
375,26.0,0.7013843846098762,1.81,2263.542618089125
376,31.0,0.031229617736519555,1.63,1412.135144318415
377,24.0,0.25662322740849364,1.76,1410.8220754868366
378,52.0,0.446116412506459,1.86,3852.287861901698
379,57.0,0.5115081843921537,1.84,4510.800245947633
380,24.0,0.8234225230565366,1.68,2375.658321191846
381,27.0,0.8916143544222963,1.51,2630.5619362286297
382,64.0,0.2550123870366926,1.61,4926.294144604605
383,22.0,0.5812432092434355,1.94,1849.7244488809745
384,20.0,0.8997996735964404,1.99,2297.395172140556
385,55.0,0.4445500768697997,1.6,4176.755064178326
386,59.0,0.6526627804212823,1.82,4984.808000365157
387,46.0,0.7510124801323177,1.78,3790.1693907766
388,61.0,0.9039686686756623,1.92,5638.84778066991
389,60.0,0.41056446772839683,1.72,4697.799627134009
390,55.0,0.7856172415888847,1.66,4759.909822428146
391,31.0,0.6055214242050954,1.87,2378.9918655367806
392,24.0,0.8797910705124319,1.85,2462.7453147484684
393,47.0,0.42474674569118864,1.55,3322.169962552355
394,34.0,0.9641595165326096,1.88,3182.3188808720615
395,46.0,0.16624758871712936,1.94,2776.231893986254
396,48.0,0.3715218719977958,1.98,3305.424988300337
397,47.0,0.7974223869978085,1.93,3944.0079999865166
398,35.0,0.7269098503308451,1.64,2859.3093344548342
399,48.0,0.3233177771108931,1.99,3221.375948115125
400,29.0,0.04352019693121534,1.51,1300.8018684937924
401,64.0,0.19762944220908668,1.58,4826.251325404425
402,55.0,0.4648373613331836,1.9,4199.539289927341
403,54.0,0.7080868420239983,1.67,4519.387793392208
404,39.0,0.8995076681601315,1.71,3450.1230378721566
405,25.0,0.4220589106933813,1.74,1741.860659905791
406,56.0,0.521663305428958,1.52,4410.075321995854
407,41.0,0.20051728666648078,1.96,2395.733088339997
408,57.0,0.5382905769992532,1.53,4552.699425286849
409,56.0,0.6070722638806055,1.98,4537.860654501114
410,29.0,0.4939824248958869,1.64,2079.3327112154047
411,53.0,0.9788560989412776,1.89,4858.872901910899
412,46.0,0.5027660442720583,1.97,3342.5797931652805
413,48.0,0.5431105211265908,1.53,3615.8933303033223
414,34.0,0.7998383331874954,1.55,2906.8256612960768
415,56.0,0.12739181948022077,1.65,3751.5673420753596
416,52.0,0.5281895236434022,1.53,3990.5276345819025
417,56.0,0.9272817018467483,1.9,5096.694668800401
418,22.0,0.5427642649026524,1.78,1804.1474248861687
419,42.0,0.9560230628339761,1.58,3783.5204804667364
420,44.0,0.295384603804855,1.63,2836.1986206345855
421,36.0,0.6428009770922178,1.66,2788.122172783813
422,20.0,0.249743626839458,1.88,1211.8118683937037
423,22.0,0.5494532010135338,1.71,1818.0304437229408
424,30.0,0.4863332897218233,1.56,2119.002925008071
425,50.0,0.7404772699890446,1.78,4156.259533533035
426,40.0,0.2820920105459914,1.94,2457.1674110953195
427,59.0,0.488330911860402,1.6,4707.182483662351
428,51.0,0.934790304002318,1.78,4587.5916913556
429,22.0,0.5629936396941859,1.5,1825.4049631410453
430,32.0,1.0839496320367714,1.65,3265.715623421496
431,61.0,0.4900157966410229,1.74,4953.387366016782
432,56.0,0.37694539775643415,1.86,4166.697136826656
433,49.0,0.4182441034792419,1.88,3499.262678681336
434,43.0,0.3021362704324901,1.93,2742.021601825475
435,60.0,0.29130813350707585,1.74,4494.584338689072
436,25.0,0.570974678090358,1.69,1995.616954753542
437,51.0,0.4784827060110641,1.91,3797.1639069635726
438,35.0,0.2391626419502434,1.94,2009.1874844825481
439,20.0,0.7338716824813989,1.75,2046.5831091773623
440,22.0,0.5094758162983681,1.75,1749.1101366662099
441,65.0,0.08720325539483714,1.6,4769.26546767089
442,21.0,0.39443233946390344,1.58,1505.816250737613
443,28.0,0.9572818544905094,1.53,2799.984597021984
444,45.0,0.748698481600472,1.63,3695.8322128871346
445,24.0,0.9958029000116916,1.73,2668.505091971286
446,64.0,0.4446499061391155,1.73,5251.5450023879075
447,59.0,0.5909396528949479,1.59,4880.786574173746
448,60.0,0.4819812619828364,1.78,4816.816319922481
449,38.0,0.5960788033453787,1.78,2854.7821402388035
450,57.0,0.8634538280409627,1.92,5097.972551590921
451,25.0,0.6152140093457004,1.72,2070.7038478834243
452,54.0,0.22106829118807858,1.99,3659.551822046341
453,27.0,0.6537332400894232,1.98,2210.1843140561036
454,28.0,0.584151348291167,1.71,2177.017294094917
455,63.0,0.6206530085129021,2.0,5389.682588580425
456,58.0,0.7890252716975228,1.87,5093.9484062739075
457,56.0,0.5531644652284127,1.78,4473.82776543996
458,38.0,0.7138110526305173,1.82,3051.7600631208566
459,37.0,0.43753503798142157,1.72,2512.64959656415
460,39.0,0.6959113727226929,1.63,3102.0941277949096
461,61.0,0.36188614722402057,1.59,4731.395614533171
462,51.0,0.5997284521558287,1.73,4020.17853061632
463,26.0,0.5628767771897651,1.9,2017.20629688353
464,48.0,1.1062949687774732,1.78,4582.149621473364
465,33.0,1.0188263768618802,1.75,3220.0060896241807
466,39.0,0.521709493173397,1.81,2803.0953026471097
467,31.0,0.7067721680188953,1.79,2559.2857722743506
468,49.0,0.20383428899392608,1.67,3147.1584532410848
469,65.0,0.3019047227468975,1.8,5134.257962169393
470,46.0,0.5204941864136383,1.79,3397.613203545414
471,49.0,0.2831408842974016,1.88,3269.5872060722077
472,29.0,0.7937397826428849,1.58,2584.6389041418815
473,31.0,1.0265246621143687,1.57,3099.388727162129
474,57.0,0.5409971978982204,1.57,4561.992037994677
475,59.0,0.7769048269200078,1.64,5200.30079465641
476,28.0,0.21907583135701064,1.99,1524.1646403335253
477,26.0,0.8697769684868459,1.52,2541.8685491942633
478,64.0,0.09096457025707394,1.64,4649.202358329423
479,25.0,0.5301770515322272,1.5,1910.6167632657155
480,40.0,0.9647985059512019,1.96,3614.0111611240227
481,28.0,0.7369580045501334,1.98,2406.6664136393106
482,27.0,0.26962189454518315,1.52,1574.6049234934362
483,52.0,0.11523077455379521,1.71,3299.8523187413853
484,58.0,0.551769259387608,1.67,4701.647902910344
485,27.0,-0.10878253658205306,1.71,944.0296898104432
486,26.0,0.8433921011137682,1.93,2489.156513983648
487,31.0,0.3124784836018416,1.91,1874.9567288678945
488,65.0,0.2380791918029671,1.96,5003.588327072022
489,61.0,0.45942714440298765,1.74,4901.3866572121215
490,37.0,0.41222660518766774,1.99,2437.5209558456427
491,54.0,0.5660265053828027,1.95,4254.010284276154
492,34.0,0.046028273752743765,1.94,1611.8590585467987
493,44.0,0.6787884342091591,1.68,3489.7803701513044
494,25.0,0.12974163776839137,1.76,1244.1233730986628
495,27.0,0.31499599593001215,1.53,1653.098637469139
496,47.0,0.4789635043302489,1.55,3414.3384522387573
497,28.0,0.30916318735294385,1.65,1708.5786674589885
498,38.0,0.09096538202624815,1.96,1972.4948504516012
499,59.0,0.44547917240277357,1.63,4636.359387251047
500,60.0,0.6750942522167178,1.54,5137.5501894091385
501,22.0,1.003720402853724,1.57,2583.621486419033
502,58.0,0.4462743883118266,1.8,4518.686393629773
503,41.0,0.6148075702000431,1.61,3122.9459559823017
504,56.0,0.4623654941355753,1.82,4316.302613679455
505,22.0,0.40649391356742093,1.86,1564.9296137053332
506,45.0,0.36057462194304907,1.98,3007.8146632072676
507,58.0,0.6317754078259932,1.96,4811.871894311167
508,55.0,-0.0069502838743955575,1.99,3380.9202444401344
509,61.0,0.5775373874515334,1.9,5087.129334328536
510,48.0,0.5354954538833736,1.97,3586.2197895045165
511,23.0,0.7735689176496572,1.82,2238.3484336533943
512,53.0,0.7227829071123949,1.64,4436.293530983468
513,47.0,0.7664412709625692,1.67,3911.590322587779
514,42.0,1.2878373371463439,1.81,4348.51263740112
515,22.0,0.37166359743678323,1.98,1485.665921546616
516,23.0,1.1022804172207241,1.78,2800.3248838268905
517,29.0,0.38059445859152474,1.87,1876.6160239937103
518,26.0,0.61347625055114,1.56,2111.1459584179092
519,50.0,0.15126522270905346,1.98,3126.988684509475
520,65.0,0.2909798158519982,1.61,5116.438773590625
521,24.0,0.6731874880801558,1.85,2111.5192246135994
522,50.0,0.6052722097284763,1.68,3928.8027885341435
523,32.0,0.42416159808047743,1.7,2145.0747167368113
524,27.0,1.0814932875253278,1.51,2953.3561225037834
525,41.0,0.21348992619993984,1.53,2432.538318928016
526,45.0,0.23977652376475717,1.5,2816.935866061016
527,28.0,0.3053446729475089,1.73,1702.726105962176
528,46.0,0.2976168030115909,1.93,3001.3385072099463
529,46.0,0.6626850138677464,1.82,3636.845797224146
530,22.0,0.21472188677785314,1.55,1240.127702399685
531,32.0,0.011737165983255804,1.86,1433.8431428122524
532,34.0,0.38975892743062673,1.51,2204.4077103427917
533,34.0,0.9459085135097636,1.87,3152.6499173547163
534,63.0,0.8256760959692033,1.63,5770.6941573139775
535,46.0,0.7639489343341377,1.87,3803.3186327561525
536,43.0,0.4645431993121165,1.59,3033.912603082934
537,49.0,0.4125227880650817,2.0,3467.86121381913
538,37.0,0.32244418345120573,1.95,2292.92033699244
539,37.0,0.31427098067012504,1.8,2299.28060063888
540,55.0,0.2021142780607023,1.54,3758.4842333439115
541,35.0,0.79029745365537,1.56,2960.7420036951
542,35.0,0.3643906566368429,1.81,2239.6532805349684
543,45.0,0.16287376585346391,1.61,2698.658488593117
544,40.0,0.5661125190052028,1.88,2949.63898507547
545,33.0,0.3889807007866375,1.72,2150.107223333018
546,30.0,-0.022969001516255583,1.74,1260.313209149408
547,36.0,0.5395339409935823,1.77,2611.252493855422
548,28.0,-0.08975666260431447,1.6,1027.4336070723327
549,41.0,0.5994250752230442,1.61,3096.7957145214036
550,27.0,0.2620491480941157,1.72,1574.3235837557306
551,29.0,0.6527537838508791,1.66,2350.0419442735374
552,64.0,0.3170333661568344,1.53,5023.562166854737
553,61.0,0.5726890144686427,1.68,5094.411356592426
554,50.0,0.44744967209389275,1.96,3634.5181435665972
555,61.0,0.8490930676448687,1.99,5532.193942022884
556,56.0,0.38651451665172276,1.69,4193.034680307863
557,28.0,-0.3095600211609709,1.6,653.7678975260167
558,20.0,0.556451791328698,1.82,1740.2493189077636
559,33.0,0.5774859896283079,1.91,2453.469489112887
560,52.0,0.3865767461348551,1.55,3752.280963306588
561,35.0,0.36901419660409235,1.71,2252.28413622689
562,24.0,-0.004167634131624576,1.78,966.3631965278978
563,23.0,0.5182506435415616,1.74,1809.3866057476973
564,62.0,0.7234523756595896,1.55,5464.969533498636
565,62.0,0.41952515047641553,1.51,4943.010289520633
566,58.0,0.633275331472946,1.75,4839.5693124629925
567,64.0,-0.08485712481760854,1.63,4349.787681976398
568,30.0,0.27884044142634257,1.69,1773.9887524247158
569,65.0,0.6907105994793233,1.5,5783.523794775779
570,46.0,0.49737957593425774,1.74,3360.905790815281
571,58.0,0.2906824800573403,1.73,4257.80037804889
572,48.0,0.6446349782528059,1.52,3787.1271657963953
573,50.0,0.8615277481918939,1.77,4362.641966092552
574,59.0,0.25260754720854317,1.82,4304.7141039035005
575,55.0,0.7821354180339688,1.67,4754.270372609158
576,45.0,0.6682891173341241,1.98,3530.9293053720953
577,41.0,0.8844557468532559,1.99,3552.3104966771425
578,31.0,0.7510365020348435,1.52,2625.0097562258593
579,56.0,0.5755268502835483,1.91,4497.138952226796
580,49.0,0.5466115126622902,1.87,3718.8450159140116
581,54.0,0.5930369358476939,1.69,4324.122792941013
582,39.0,0.4147800954082716,1.68,2625.9661941897953
583,35.0,1.1719562137511585,1.92,3598.426607298254
584,59.0,0.527468044761979,1.81,4772.8848403476995
585,51.0,0.3919990165989412,1.54,3657.2882888589174
586,50.0,-0.03955090262456218,1.55,2823.8639604155787
587,48.0,0.24571182755150706,1.66,3121.0706185646045
588,44.0,-0.11743133339481993,1.88,2123.614435995431
589,44.0,0.5100705267673435,1.9,3187.435671165413
590,37.0,0.8875151972877293,1.95,3253.5410605145303
591,33.0,0.2791518758873663,1.84,1955.794521489494
592,61.0,0.8758210862761486,1.74,5609.256358396495
593,36.0,-0.043102772620172924,1.77,1620.770080712038
594,36.0,0.41314361244326503,1.87,2386.949585541669
595,64.0,0.42741545535822895,1.9,5206.922049769919
596,63.0,0.5121080942004901,1.87,5228.189204528951
597,39.0,0.7809986794358657,1.71,3248.657757040905
598,55.0,0.6723843969498391,1.64,4566.616063707123
599,43.0,0.8784323781315955,1.67,3741.975204775123
600,20.0,0.6534151864284004,1.67,1910.4459788796914
601,30.0,0.7959456480814728,1.5,2637.4233773994333
602,27.0,0.3206248462752428,1.55,1665.1627335452472
603,60.0,0.25935957888861094,1.94,4418.522277277772
604,50.0,0.8415464820407631,1.74,4329.98953119634
605,59.0,0.46471930762200525,1.77,4669.067617123742
606,44.0,0.22176582120342847,1.64,2711.5644849382256
607,45.0,0.8043395523815324,1.66,3791.737750775648
608,20.0,0.5162284448380281,1.93,1656.9782983148896
609,64.0,0.7569669654592528,1.87,5771.4492856688485
610,26.0,0.05865971120976182,1.94,1153.3325022237295
611,23.0,-0.04537657752878277,1.65,850.8610671600534
612,55.0,0.09054821956721115,1.9,3563.2477489251883
613,24.0,0.6869275297945693,1.52,2131.024503417393
614,21.0,0.4107783151096581,1.6,1535.343069186086
615,20.0,1.2519562333095484,1.94,2905.9365897933667
616,27.0,0.7712831204314357,1.53,2428.7867491215593
617,65.0,1.155267364561297,1.8,6584.9744532538725
618,35.0,0.5773591383927656,1.7,2606.510535267702
619,46.0,0.6322510212898083,1.72,3590.6667681884082
620,37.0,0.7894041774093388,1.98,3080.8249074999603
621,31.0,0.329681496209292,1.51,1907.2760772665224
622,24.0,0.7295287930071345,1.89,2202.0164818228545
623,55.0,0.11327677570546368,1.85,3608.6710135766225
624,41.0,0.9758944547750007,1.97,3711.8980910202827
625,47.0,0.40514527473411466,1.71,3297.7069690479284
626,58.0,0.9394780055629726,1.72,5360.952641452787
627,53.0,0.4608258303019287,1.83,3985.7007130809816
628,41.0,0.5494628132806909,1.8,3011.1067160768416
629,40.0,0.3689555309946636,1.66,2626.584914417971
630,29.0,0.3642344889150164,1.57,1853.4954327232304
631,51.0,0.29148856187637434,1.73,3496.170717141247
632,50.0,0.7343756316811962,1.77,4146.4833680243655
633,29.0,0.13778243222827324,1.82,1469.5114084370416
634,60.0,-0.26287817138316383,1.55,3544.207603525956
635,22.0,0.3504922765689163,1.75,1478.8381191261417
636,64.0,0.8085413011911584,1.62,5867.96838657663
637,41.0,0.39362626546904567,1.51,2735.982185008104
638,46.0,0.5625666906593956,1.58,3466.6446477699496
639,30.0,0.9773095465705058,1.94,2939.037222336994
640,22.0,1.030024027112289,1.65,2634.0420950498756
641,59.0,0.17112478319036772,1.92,4153.013175344909
642,28.0,0.375838928304306,1.7,1822.9261781173202
643,64.0,0.02579908969065836,1.56,4532.09478495509
644,59.0,0.6736279699979395,1.78,5023.615723548156
645,26.0,0.12800703329334823,1.82,1287.8932302476692
646,38.0,0.6587704920362013,1.92,2945.010880382827
647,24.0,0.6128066440109136,1.59,2012.9604590708884
648,47.0,0.21062818038883202,1.59,2962.25707091335
649,41.0,0.8125544089611252,1.69,3462.3024972338458
650,62.0,0.6795576327271737,1.87,5387.853420024314
651,27.0,0.43160278251057765,1.52,1849.972433034607
652,45.0,0.2971395691745524,1.98,2899.9750735008233
653,34.0,0.857508656872497,1.84,3006.001049164216
654,65.0,0.5583855161709471,1.9,5558.571153151539
655,33.0,1.1004390689892616,1.72,3359.5864492774786
656,56.0,0.6773555601906898,1.67,4687.144614275584
657,31.0,0.42859547114753843,1.82,2083.8935745997924
658,21.0,0.6731593915066406,1.64,1983.9335544536864
659,21.0,1.2694516773199949,1.59,2994.257015696326
660,40.0,-0.23224999960051051,1.82,1599.4562743281094
661,62.0,0.37223603788404913,1.57,4870.098065970586
662,60.0,0.2320623602560849,1.96,4368.3597134423235
663,59.0,1.007635615157041,1.69,5593.9405477669025
664,44.0,0.254715068513403,1.67,2768.655778424196
665,60.0,0.17083756606710754,1.75,4289.425111273067
666,50.0,0.5157243887911683,1.54,3766.621421585704
667,40.0,0.6283188072865247,1.82,3062.423246036069
668,25.0,0.024126172783662636,1.74,1065.375005459269
669,25.0,0.9727717497335637,1.97,2650.5894924498402
670,43.0,0.34780547497631553,1.7,2840.2693074597364
671,29.0,1.1516104726733387,1.62,3196.1859780963355
672,64.0,0.12577694045059468,1.69,4709.780800765944
673,37.0,0.17936122705520924,1.52,2061.1617887604807
674,34.0,0.43190062839325616,1.78,2287.6792428201948
675,58.0,-0.09635145824744917,1.76,3598.7651098717333
676,50.0,0.561070569634224,1.53,3842.425412766299
677,52.0,0.3471844137572253,1.77,3692.2582975536147
678,65.0,0.49234455728314136,1.9,5446.301523042269
679,57.0,0.48959387538279586,1.77,4479.354382317086
680,44.0,0.7112375716435227,1.99,3512.839598820596
681,60.0,1.058446146389608,1.6,5795.3783823620015
682,50.0,-0.07493159849088626,1.86,2762.506243206211
683,23.0,0.4266300319750952,1.67,1653.9112163090729
684,41.0,0.8104327851078097,1.88,3445.9834374499014
685,33.0,0.8046872357090732,1.95,2832.7335258308144
686,39.0,0.1269444868950959,1.68,2136.645659717397
687,29.0,0.3240061507626273,1.66,1791.170968023509
688,39.0,0.1995762409255341,1.55,2251.3801044507422
689,22.0,0.17532045709759003,1.96,1155.8984780728824
690,60.0,0.4296569957610119,1.7,4730.416892793721
691,56.0,0.4557767398954322,1.57,4304.117259389936
692,27.0,0.4794432217558169,1.9,1928.369252645818
693,32.0,1.2578487292331966,1.69,3562.302841696367
694,30.0,0.4875030423454735,1.7,2128.755171987305
695,58.0,0.2687134548096384,1.92,4201.91391709767
696,41.0,0.5585213847125851,1.99,2998.222081038002
697,50.0,1.1185683693628299,1.79,4798.339314559039
698,51.0,0.3175757315430461,1.69,3540.8387456231117
699,31.0,0.4861527475852733,1.52,2174.70737366159
700,51.0,1.0363690955439666,1.65,4761.828711383728
701,33.0,0.24984510918410524,1.56,1905.9730180939503
702,51.0,0.19832376585962552,1.56,3330.3867344423343
703,26.0,0.18913474408362824,1.74,1396.8895766692103
704,29.0,0.30745782372720326,1.71,1763.6383023361789
705,23.0,0.5733157073052593,1.96,1877.4904034259202
706,64.0,0.49145087064018944,1.79,5328.23956673055
707,46.0,0.8256302972384972,1.61,3916.344591947674
708,21.0,0.18436170673416735,1.57,1147.7117030157867
709,34.0,0.7665740836762245,1.54,2849.0659028902987
710,62.0,0.8398413846195992,1.68,5671.5703858490515
711,53.0,0.5927563688340787,1.87,4205.291271406052
712,45.0,0.5328429172741274,1.82,3325.1142330149937
713,25.0,0.07731920904042383,1.82,1150.7239290176976
714,33.0,0.31914536802073856,1.9,2015.8629012961846
715,29.0,0.2064250085245956,1.74,1591.2830262188554
716,26.0,-0.018589341133897208,1.71,1044.358122072308
717,61.0,0.5061642753103538,1.57,4974.776069595304
718,53.0,0.05835483866197427,1.52,3295.450928491982
719,51.0,0.4721965346917543,1.79,3800.5071956182105
720,34.0,0.8825612659631203,1.94,3033.965145304439
721,64.0,0.35880853311453803,1.89,5091.792040005442
722,22.0,0.720920669636128,1.96,2083.418839388397
723,24.0,0.5640219209003622,1.8,1930.857199030283
724,22.0,0.5342421368573465,1.63,1790.256426823821
725,62.0,-0.09620255170940817,1.93,4059.845604184248
726,53.0,0.023568525244971772,1.97,3220.944010819234
727,23.0,0.3111262968060915,1.61,1454.6877912125842
728,61.0,0.6896231610028304,1.76,5291.921962597208
729,24.0,0.9611920712156174,1.55,2601.127015943884
730,33.0,0.8426681881477439,1.51,2907.353453561891
731,31.0,0.6324815303141978,1.67,2435.858763485547
732,41.0,0.5690641080890906,1.65,3047.410232710438
733,41.0,0.04524104977431004,1.59,2153.098948868663
734,26.0,0.6364415660022106,1.69,2157.9106642036913
735,40.0,0.795451032082427,1.54,3342.1567151808435
736,29.0,0.6836207623294172,1.67,2402.7954579114203
737,40.0,0.4308585855296025,1.8,2728.4795288999912
738,33.0,0.561393155624589,1.77,2441.413158728133
739,27.0,0.6278567915007289,1.8,2192.3764790509063
740,52.0,0.6136643123753152,1.6,4143.249264537702
741,58.0,-0.3675723670119092,1.61,3135.9000627219825
742,58.0,0.7104762402531576,1.55,4962.910103307702
743,50.0,0.8601886116717283,1.81,4357.509804094273
744,63.0,0.550440059999483,1.95,5280.513327124511
745,38.0,0.2911471360887923,1.95,2314.715356476337
746,55.0,0.621711087878032,1.81,4477.09801364499
747,55.0,0.4027682790571444,1.63,4107.7508685634775
748,50.0,0.5128316806171427,2.0,3737.386331157634
749,21.0,0.2521637296498076,1.94,1247.2893335718072
750,25.0,0.5764880287644574,1.92,1986.1306928208621
751,20.0,0.177241252609051,1.57,1094.6069310030891
752,57.0,0.6958058834579002,1.85,4822.9704967557645
753,61.0,0.5151496203477247,1.87,4985.359798979251
754,27.0,0.6475668145633279,1.75,2228.8648337166414
755,23.0,0.6358392319680317,1.58,2004.2079679946312
756,48.0,0.3146217649845471,1.56,3231.093332954701
757,49.0,0.3040482742973326,1.68,3317.722098301199
758,33.0,0.20569749850043811,1.85,1829.7862423280792
759,59.0,0.6623527452234246,1.71,5006.959668879756
760,60.0,0.8466714698120263,1.99,5407.077225707052
761,23.0,0.34160149484238234,1.9,1494.038316892979
762,49.0,0.36991364005225785,1.91,3412.596494833602
763,38.0,0.031947403754001014,1.95,1874.0758115071922
764,26.0,0.10076521977438596,1.52,1234.5485763830814
765,30.0,0.3586460931855699,1.56,1901.9346908964403
766,31.0,0.6041929234507308,1.94,2365.738963033377
767,36.0,1.0162122537765512,1.68,3423.400863415871
768,58.0,0.8001469861266488,1.64,5122.8124653077
769,36.0,0.7989295340046961,1.59,3049.369372060319
770,32.0,0.15675567659653894,1.84,1682.7209826950877
771,53.0,0.9032029369154901,1.81,4739.634157008669
772,46.0,0.1386315434084287,1.73,2751.31378574574
773,22.0,0.42138592937048425,1.54,1590.2460405705408
774,33.0,0.27939267103535914,1.52,1951.2152435267355
775,64.0,0.17840443369462944,1.89,4785.105070991596
776,56.0,0.2944141072590194,1.94,4014.114975507467
777,36.0,0.19090335367839095,1.75,2019.536950212249
778,53.0,0.07697365760382724,1.59,3335.0443821788413
779,35.0,0.3521183234290269,1.62,2221.0493243810056
780,61.0,0.5921593218115907,1.78,5125.1190216313635
781,55.0,0.7782877534201454,1.83,4741.385982381949
782,44.0,0.8413757155676485,1.99,3734.074443491609
783,29.0,0.16190507177717084,1.65,1515.2398709801744
784,32.0,-0.10153782535125289,1.86,1241.2756575435876
785,52.0,0.531173247328874,1.6,4003.0144539587536
786,21.0,0.8101449821221494,1.66,2217.6069813346967
787,24.0,0.7821100196385609,1.54,2295.476994026271
788,35.0,0.49508621493710714,1.85,2457.7470602704166
789,45.0,0.9892396564875011,1.78,4104.155590580412
790,27.0,0.6437463146559147,1.9,2207.684510575984
791,58.0,0.5732065055754,1.82,4732.732333127157
792,36.0,0.14709723603722652,1.67,1945.705463214696
793,45.0,0.6190745692015116,1.53,3466.032212030688
794,54.0,0.514930596968015,1.92,4172.48305876691
795,45.0,0.6878368439870326,1.53,3582.9280791660735
796,63.0,0.26536427651161587,1.81,4815.308434322083
797,25.0,0.7873174434581064,1.67,2363.079815830192
798,21.0,0.7028364812434734,1.66,2035.1825298409474
799,39.0,0.4300362186956452,1.8,2648.081505282264
800,36.0,0.1936335494559548,1.77,2023.221828241455
801,29.0,0.6329743135497514,1.79,2313.829419676806
802,38.0,0.3768448470762532,1.62,2482.0844145812903
803,41.0,0.5404658501711844,1.87,2988.397389679132
804,59.0,0.6318180167143782,1.79,4951.863715056671
805,46.0,0.21968726484459922,1.75,2888.469599194803
806,50.0,0.7583104270335438,1.98,4158.9655318611085
807,26.0,0.7125116280109026,1.77,2285.3145617848663
808,35.0,0.03808714523990642,1.77,1687.7929410741729
809,27.0,0.8437687121202317,1.75,2562.4080595633777
810,31.0,0.3922042198551008,1.86,2017.6371343943886
811,20.0,0.3819848419982707,1.96,1423.2279324040398
812,45.0,-0.11675344623300354,1.82,2220.8004150528714
813,28.0,1.1319558226428805,1.76,3106.887487385294
814,29.0,0.1545435060479992,1.66,1503.0844720086413
815,62.0,0.1435305796763549,1.91,4470.745292194566
816,48.0,0.5496381373899927,1.61,3635.157920205216
817,27.0,0.45790416641452575,1.64,1905.999671797091
818,22.0,0.4057699331050958,1.76,1572.3714751710602
819,56.0,-0.054528802304739,1.88,3430.548738848569
820,21.0,0.37497001362377314,1.61,1475.2221098026428
821,24.0,0.6851886537452301,1.98,2110.658517270975
822,62.0,0.04156208790364446,1.65,4313.656798395179
823,37.0,0.36408942158198593,1.79,2384.7251033316047
824,33.0,0.408827622958104,1.6,2180.026892528444
825,20.0,0.5844850492636402,1.8,1789.6445172478557
826,30.0,0.5470463962850288,1.58,2224.260147333526
827,49.0,0.8020391727758431,1.86,4154.3565543596505
828,53.0,0.6122302878803293,1.78,4247.2396639482195
829,49.0,0.5345385057496429,1.52,3696.963162541018
830,38.0,0.5647245815110775,1.56,2796.268121049803
831,27.0,0.5760627376652636,1.55,2099.4071489082826
832,29.0,0.4217013610938993,1.88,1945.140016626254
833,34.0,0.8643578111558101,1.99,2993.144005991485
834,58.0,0.22374355389341083,2.0,4109.93651572729
835,25.0,0.3407431272595814,1.5,1588.5790920022175
836,47.0,0.9209768388023913,1.64,4173.223214856463
837,34.0,0.7606910657471775,1.61,2845.94789841243
838,39.0,0.6777170633726772,1.58,3067.4002813825286
839,44.0,0.5060285311775802,1.65,3195.24975196087
840,56.0,0.9906621323324267,1.91,5202.868931709891
841,42.0,0.507744752601566,1.78,3024.614253974322
842,62.0,0.8647514525918052,1.9,5698.393245066998
843,34.0,0.832721240679057,1.58,2965.907382803374
844,44.0,0.7147769303721767,1.73,3550.760943584112
845,46.0,0.35184720980359385,1.56,3106.3765891470807
846,35.0,0.1458260777387535,1.62,1870.3525067075407
847,33.0,-0.15518744901712733,1.96,1199.035037677863
848,51.0,0.013088498710194407,1.92,3004.3514917286147
849,42.0,0.2930537453205089,1.74,2661.551878771908
850,56.0,0.39330061227644375,1.82,4198.892314518932
851,60.0,0.6743605230560932,1.83,5139.709690763061
852,48.0,0.5248085154439281,1.9,3580.4902519156067
853,48.0,0.2660051293916645,1.98,3126.046525869914
854,58.0,0.9872257315319126,1.52,5429.531446370876
855,24.0,0.655984055981026,1.79,2087.9459818099726
856,61.0,-0.08132989183816686,1.66,3982.099695602159
857,47.0,0.5831005032657421,1.51,3586.088389262488
858,63.0,0.49651901238654034,1.83,5206.37912262482
859,25.0,0.38110746167594045,1.95,1648.647909974489
860,30.0,0.12914232859447788,1.87,1508.1474029987305
861,54.0,0.3465608690784395,1.9,3889.469253094276
862,61.0,0.08349289423320949,1.58,4257.219193845434
863,52.0,0.5483241088537083,1.64,4034.7135739437012
864,54.0,0.6756952795621792,1.68,4464.522007251439
865,28.0,0.14879595899851844,1.94,1414.5641234646155
866,40.0,-0.06561918289967694,1.54,1878.3373497112668
867,22.0,0.8601645202394246,1.89,2332.097218117748
868,49.0,1.1261233187988715,1.52,4702.657344724706
869,48.0,0.6921390594095227,1.7,3880.636400996188
870,44.0,0.6517849667141496,1.55,3435.1349382913886
871,60.0,1.0839321920223253,1.82,5836.966000086931
872,62.0,0.890132440003887,1.56,5749.461480487579
873,52.0,0.26014090397288214,1.69,3546.199538753833
874,59.0,0.4932485261365971,1.71,4719.482496432149
875,56.0,0.6276440912720368,1.92,4584.095999083747
876,55.0,0.18480612831256088,1.8,3735.1903516310203
877,46.0,0.39541174405833857,1.61,3184.9730515414044
878,46.0,0.6101532718892719,1.96,3527.114263218742
879,23.0,0.7181858689836886,1.63,2147.9607714386025
880,53.0,0.4909708278384141,1.74,4043.0109190523467
881,57.0,1.250320871867555,1.82,5768.826755823821
882,22.0,0.7699547032041413,1.87,2181.528439835158
883,28.0,0.2964379793061987,1.55,1679.0450596978724
884,24.0,0.3769261363539221,1.85,1607.8749266790019
885,62.0,0.08214608186442568,1.54,4373.538299810241
886,40.0,0.17482631040513835,1.55,2288.30522256607
887,29.0,0.713591007967677,1.64,2452.667302437448
888,52.0,-0.08378482443962998,1.83,2954.8626000203317
889,20.0,0.25506907507187615,1.91,1216.3607343669535
890,57.0,0.5634545970472817,1.54,4596.762775621096
891,56.0,0.30458631564717475,1.69,4053.75673860013
892,58.0,0.584354360428613,1.94,4735.013405895776
893,38.0,0.10975975346476252,1.67,2030.2317428415072
894,32.0,1.1041102342619942,1.87,3289.5928426335086
895,50.0,0.3450839405748797,1.53,3475.248143365414
896,45.0,0.42658095253745854,1.83,3143.4844208813815
897,41.0,0.6527794511730567,1.96,3164.578768001176
898,35.0,0.48003572611866435,1.86,2430.950695042447
899,61.0,0.6402136139552606,1.82,5203.6444173729205
900,59.0,0.828738090101298,1.66,5289.215264899249
901,25.0,-0.1579871710674341,1.85,747.5223040626965
902,65.0,-0.08732971416645119,1.98,4446.377291821117
903,62.0,0.483491390725595,1.82,5060.216637882489
904,36.0,0.9871762373607644,1.76,3372.7621924056966
905,41.0,0.33060813583281656,1.69,2642.993832915721
906,52.0,0.6848100261315679,1.73,4267.817206375077
907,32.0,0.18434485851389065,1.57,1730.6830610413165
908,43.0,0.24379146856206385,1.72,2663.2855285512424
909,33.0,0.266112972897498,1.57,1934.688855493449
910,64.0,0.6835649659330332,1.52,5645.308144852781
911,45.0,0.8130219522346722,1.88,3794.3850215655675
912,53.0,0.20668590933278613,1.82,3554.647319514714
913,31.0,0.09541134123599276,1.53,1511.804724489306
914,54.0,0.3280005540927784,1.84,3865.8372744386943
915,64.0,0.1414121931074735,1.93,4715.790670372947
916,33.0,0.0613278858283175,1.86,1583.1473665488575
917,64.0,0.40064053721022286,1.62,5174.537087809039
918,41.0,0.19862681406014737,1.95,2394.430809027641
919,21.0,0.9747143000009328,1.6,2494.034243501253
920,26.0,0.34607144856178573,1.85,1655.4219574323704
921,20.0,-0.056517601415675855,1.67,703.560239544762
922,51.0,0.8382256772286039,1.79,4422.756737930855
923,21.0,0.3763195838359716,1.87,1469.3487369092702
924,26.0,1.0435840118989996,1.73,2849.7329821797102
925,55.0,0.6550908880262651,1.96,4512.50821065163
926,55.0,0.84606722995467,1.88,4850.561993689564
927,29.0,0.8058652838241236,1.61,2607.7440691432384
928,51.0,1.000483797515928,1.88,4689.070158543703
929,53.0,1.0425565470179998,1.65,4980.3473788895835
930,48.0,0.7006827485020548,1.56,3887.3970049344643
931,23.0,0.04613427729897773,1.88,994.6759741748873
932,23.0,0.8972090306660838,1.78,2451.703526684002
933,47.0,0.8579983367896393,1.8,4063.6171060420543
934,26.0,0.45504301164644156,1.67,1849.2132817503616
935,28.0,0.5674147687834205,1.58,2142.886380580792
936,56.0,0.8781787369394929,1.54,5018.7938134378555
937,45.0,0.5742008609705623,1.94,3378.75245681709
938,34.0,0.5017527790673377,1.58,2403.2609980634516
939,57.0,0.1113499430719706,1.6,3834.3148367220174
940,55.0,1.1172496781499812,1.92,5305.425496776253
941,61.0,0.5345115657151237,1.95,5005.434886841102
942,39.0,0.3238619438616411,1.61,2468.3383912070185
943,27.0,0.5569001644889484,1.64,2074.2928685236093
944,58.0,0.5439446865551743,1.71,4688.66596914373
945,27.0,0.3555686138474089,1.57,1726.7634451082974
946,28.0,0.9453777546996311,1.93,2770.532125079615
947,24.0,0.23496795827004696,1.79,1372.2186157013084
948,56.0,0.7082699203110198,1.83,4733.355666096436
949,36.0,1.1833558331244172,1.81,3702.894080563845
950,39.0,0.43928245584724657,1.55,2658.8806698176536
951,30.0,-0.11223789116091909,1.55,1100.2960799037721
952,37.0,1.1435476980044335,1.89,3698.848620318263
953,31.0,0.605953419909651,1.56,2383.357146327378
954,20.0,0.1638875229242947,1.72,1078.4488209670349
955,27.0,0.23692086449365124,1.72,1531.605501634941
956,36.0,0.4520462286496021,1.77,2462.5233828706555
957,63.0,0.5397326608147045,1.59,5281.734687637333
958,55.0,0.5439445200116112,1.57,4343.002485587441
959,54.0,0.3285736320233467,1.68,3874.415206435423
960,56.0,0.6600372654183446,1.63,4656.108145377519
961,60.0,0.30997229602015064,1.79,4523.725989876484
962,57.0,0.45478394473515343,1.51,4407.950239760487
963,32.0,0.47519213349354644,1.75,2230.827875898013
964,65.0,0.8814341913126678,1.77,6121.482919397868
965,39.0,0.8182247362394897,1.99,3279.7177786337393
966,35.0,-0.21020489726420888,1.95,1243.4168997762354
967,55.0,0.7096759573042793,1.59,4626.63829166961
968,33.0,0.4954313303693049,1.6,2327.2531951274855
969,47.0,0.6480772329141689,1.61,3707.5043825963157
970,64.0,0.7084148257679019,1.97,5672.182721708215
971,45.0,0.7969061658279227,1.62,3777.188656459128
972,60.0,0.601263404609578,1.74,5021.508299563325
973,29.0,0.11023402880764355,1.52,1415.645551739619
974,50.0,0.6614257472709322,1.78,4021.8719449122436
975,23.0,0.6707800638282053,1.97,2041.2036264107307
976,49.0,0.472256488713796,1.58,3598.11730446243
977,45.0,0.3994313584730807,1.77,3102.078103570569
978,62.0,0.889311093706447,1.51,5741.646393011687
979,55.0,0.6162562775184681,1.67,4472.275833732807
980,43.0,0.48722591678751137,1.77,3075.328852705101
981,44.0,0.5864277067424883,1.57,3326.2239030299324
982,27.0,0.19976162872663122,1.84,1460.8311013162445
983,27.0,0.15158600365678865,1.93,1366.0861483067824
984,64.0,0.6807625403559264,1.82,5647.577592254053
985,26.0,0.4293543173191701,1.75,1804.9035884015734
986,64.0,0.15527787681783467,1.81,4755.161554842654
987,42.0,0.08919988466939743,1.64,2314.202392830373
988,50.0,0.7222172755012969,1.75,4126.770617311188
989,35.0,0.44000430210623775,1.65,2372.008562539588
990,44.0,0.40519351589073904,1.86,3014.7189376549736
991,49.0,0.4497161655502885,1.56,3557.7538139164612
992,31.0,0.4405040419918412,1.62,2107.3050459377896
993,46.0,0.6108753230159404,1.76,3553.0506380194956
994,26.0,0.2992405423233998,1.72,1584.5489539455136
995,49.0,0.9749542740959747,1.65,4457.42351492214
996,47.0,0.4109737721228219,1.57,3300.952214176499
997,37.0,0.5464546519717788,1.91,2680.716215096788
998,44.0,0.8000248136519474,1.8,3692.062116707978
999,60.0,0.07052697376530709,1.88,4107.143558167647
